DGP,Simulation,algorithm,time
1,1,Krls:single,0.078000000000003
1,1,SL:single,3.187
1,1,Krls:cross,0.0570000000000022
1,1,SL:cross,2.182
1,1,Krls:ps,0.0129999999999981
1,1,SL:ps,2.655
1,1,Krls:pps,0.00600000000000023
1,1,SL:pps,1.913
1,1,Bal:SL:ps,0
1,1,Bal:SL:Yd,0
1,1,Bal:SL:pps,0.00100000000000477
1,2,Krls:single,0.0110000000000028
1,2,SL:single,2.875
1,2,Krls:cross,0.0410000000000039
1,2,SL:cross,2.392
1,2,Krls:ps,0.0150000000000006
1,2,SL:ps,2.59399999999999
1,2,Krls:pps,0.0170000000000101
1,2,SL:pps,1.572
1,2,Bal:SL:ps,0.000999999999990564
1,2,Bal:SL:Yd,0
1,2,Bal:SL:pps,0.000999999999990564
1,3,Krls:single,0.0120000000000005
1,3,SL:single,2.78100000000001
1,3,Krls:cross,0.0390000000000015
1,3,SL:cross,1.78999999999999
1,3,Krls:ps,0.00399999999999068
1,3,SL:ps,2.53999999999999
1,3,Krls:pps,0.0210000000000008
1,3,SL:pps,2.14399999999999
1,3,Bal:SL:ps,0
1,3,Bal:SL:Yd,0
1,3,Bal:SL:pps,0.00100000000000477
1,4,Krls:single,0.0109999999999957
1,4,SL:single,2.959
1,4,Krls:cross,0.0379999999999967
1,4,SL:cross,1.929
1,4,Krls:ps,0.007000000000005
1,4,SL:ps,2.43799999999999
1,4,Krls:pps,0.00499999999999545
1,4,SL:pps,1.72200000000001
1,4,Bal:SL:ps,0
1,4,Bal:SL:Yd,0.00100000000000477
1,4,Bal:SL:pps,0.00100000000000477
1,5,Krls:single,0.00600000000000023
1,5,SL:single,2.84
1,5,Krls:cross,0.0390000000000015
1,5,SL:cross,1.98599999999999
1,5,Krls:ps,0.0100000000000051
1,5,SL:ps,2.7
1,5,Krls:pps,0.00800000000000978
1,5,SL:pps,2.10499999999999
1,5,Bal:SL:ps,0
1,5,Bal:SL:Yd,0
1,5,Bal:SL:pps,0.00100000000000477
1,6,Krls:single,0.00399999999999068
1,6,SL:single,2.75700000000001
1,6,Krls:cross,0.0369999999999919
1,6,SL:cross,1.82599999999999
1,6,Krls:ps,0.00499999999999545
1,6,SL:ps,2.57600000000001
1,6,Krls:pps,0.00400000000000489
1,6,SL:pps,2.08
1,6,Bal:SL:ps,0.00100000000000477
1,6,Bal:SL:Yd,0
1,6,Bal:SL:pps,0.00100000000000477
1,7,Krls:single,0.00799999999999557
1,7,SL:single,2.813
1,7,Krls:cross,0.0400000000000063
1,7,SL:cross,2.46600000000001
1,7,Krls:ps,0.012999999999991
1,7,SL:ps,2.618
1,7,Krls:pps,0.0240000000000009
1,7,SL:pps,2.00800000000001
1,7,Bal:SL:ps,0
1,7,Bal:SL:Yd,0
1,7,Bal:SL:pps,0.00100000000000477
1,8,Krls:single,0.0109999999999957
1,8,SL:single,2.968
1,8,Krls:cross,0.039999999999992
1,8,SL:cross,2.16099999999999
1,8,Krls:ps,0.00499999999999545
1,8,SL:ps,2.518
1,8,Krls:pps,0.0120000000000005
1,8,SL:pps,1.776
1,8,Bal:SL:ps,0
1,8,Bal:SL:Yd,0.00699999999999079
1,8,Bal:SL:pps,0.00200000000000955
1,9,Krls:single,0.0120000000000005
1,9,SL:single,2.78200000000001
1,9,Krls:cross,0.0390000000000157
1,9,SL:cross,1.93099999999998
1,9,Krls:ps,0.00900000000001455
1,9,SL:ps,2.58599999999998
1,9,Krls:pps,0.00600000000000023
1,9,SL:pps,2.13999999999999
1,9,Bal:SL:ps,0
1,9,Bal:SL:Yd,0
1,9,Bal:SL:pps,0.00200000000000955
1,10,Krls:single,0.00499999999999545
1,10,SL:single,2.79400000000001
1,10,Krls:cross,0.0390000000000157
1,10,SL:cross,2.21199999999999
1,10,Krls:ps,0.0190000000000055
1,10,SL:ps,2.96199999999999
1,10,Krls:pps,0.0209999999999866
1,10,SL:pps,2.85199999999998
1,10,Bal:SL:ps,0
1,10,Bal:SL:Yd,0.00100000000000477
1,10,Bal:SL:pps,0.00100000000000477
2,1,Krls:single,0.0169999999999959
2,1,SL:single,3.00700000000001
2,1,Krls:cross,0.0430000000000064
2,1,SL:cross,2.71100000000001
2,1,Krls:ps,0.0149999999999864
2,1,SL:ps,3.179
2,1,Krls:pps,0.00699999999997658
2,1,SL:pps,2.239
2,1,Bal:SL:ps,0
2,1,Bal:SL:Yd,0
2,1,Bal:SL:pps,0.00100000000000477
2,2,Krls:single,0.00799999999998136
2,2,SL:single,3.12199999999999
2,2,Krls:cross,0.0589999999999975
2,2,SL:cross,2.745
2,2,Krls:ps,0.0279999999999916
2,2,SL:ps,3.90799999999999
2,2,Krls:pps,0.0339999999999918
2,2,SL:pps,2.18299999999999
2,2,Bal:SL:ps,0
2,2,Bal:SL:Yd,0.00199999999998113
2,2,Bal:SL:pps,0.00199999999998113
2,3,Krls:single,0.00800000000000978
2,3,SL:single,3.69300000000001
2,3,Krls:cross,0.0500000000000114
2,3,SL:cross,2.541
2,3,Krls:ps,0.0149999999999864
2,3,SL:ps,3.023
2,3,Krls:pps,0.0220000000000198
2,3,SL:pps,2.571
2,3,Bal:SL:ps,0.00100000000000477
2,3,Bal:SL:Yd,0.0029999999999859
2,3,Bal:SL:pps,0.00199999999998113
2,4,Krls:single,0.00199999999998113
2,4,SL:single,3.80099999999999
2,4,Krls:cross,0.0300000000000011
2,4,SL:cross,2.74100000000001
2,4,Krls:ps,0.0190000000000055
2,4,SL:ps,3.27000000000001
2,4,Krls:pps,0.0169999999999959
2,4,SL:pps,1.39500000000001
2,4,Bal:SL:ps,0
2,4,Bal:SL:Yd,0
2,4,Bal:SL:pps,0.00199999999998113
2,5,Krls:single,0.0160000000000196
2,5,SL:single,3.15799999999999
2,5,Krls:cross,0.0440000000000111
2,5,SL:cross,2.476
2,5,Krls:ps,0.0150000000000148
2,5,SL:ps,2.93199999999999
2,5,Krls:pps,0.0130000000000052
2,5,SL:pps,2.34399999999999
2,5,Bal:SL:ps,0
2,5,Bal:SL:Yd,0
2,5,Bal:SL:pps,0.00199999999998113
2,6,Krls:single,0.00800000000000978
2,6,SL:single,3.22200000000001
2,6,Krls:cross,0.0349999999999966
2,6,SL:cross,2.649
2,6,Krls:ps,0.0260000000000105
2,6,SL:ps,3.33999999999998
2,6,Krls:pps,0.00800000000000978
2,6,SL:pps,2.32900000000001
2,6,Bal:SL:ps,0
2,6,Bal:SL:Yd,0.0029999999999859
2,6,Bal:SL:pps,0.000999999999976353
2,7,Krls:single,0.007000000000005
2,7,SL:single,3.268
2,7,Krls:cross,0.0390000000000157
2,7,SL:cross,2.643
2,7,Krls:ps,0.0169999999999959
2,7,SL:ps,3.32499999999999
2,7,Krls:pps,0.0120000000000005
2,7,SL:pps,2.73500000000001
2,7,Bal:SL:ps,0
2,7,Bal:SL:Yd,0
2,7,Bal:SL:pps,0.00100000000000477
2,8,Krls:single,0.00600000000000023
2,8,SL:single,3.578
2,8,Krls:cross,0.0420000000000016
2,8,SL:cross,3.14500000000001
2,8,Krls:ps,0.0180000000000007
2,8,SL:ps,3.101
2,8,Krls:pps,0.0169999999999959
2,8,SL:pps,1.65200000000002
2,8,Bal:SL:ps,0
2,8,Bal:SL:Yd,0
2,8,Bal:SL:pps,0.00100000000000477
2,9,Krls:single,0.01400000000001
2,9,SL:single,3.38200000000001
2,9,Krls:cross,0.0459999999999923
2,9,SL:cross,3.423
2,9,Krls:ps,0.0190000000000055
2,9,SL:ps,3.762
2,9,Krls:pps,0.0229999999999677
2,9,SL:pps,2.55100000000004
2,9,Bal:SL:ps,0.0010000000000332
2,9,Bal:SL:Yd,0.00100000000000477
2,9,Bal:SL:pps,0.00200000000000955
2,10,Krls:single,0.01400000000001
2,10,SL:single,3.32800000000003
2,10,Krls:cross,0.0450000000000159
2,10,SL:cross,2.113
2,10,Krls:ps,0.0129999999999768
2,10,SL:ps,3.14800000000002
2,10,Krls:pps,0.0080000000000382
2,10,SL:pps,1.61599999999999
2,10,Bal:SL:ps,0
2,10,Bal:SL:Yd,0
2,10,Bal:SL:pps,0.000999999999976353
3,1,Krls:single,0.00999999999999091
3,1,SL:single,3.471
3,1,Krls:cross,0.0419999999999732
3,1,SL:cross,2.49599999999998
3,1,Krls:ps,0.0190000000000055
3,1,SL:ps,3.30599999999998
3,1,Krls:pps,0.00900000000001455
3,1,SL:pps,2.33299999999997
3,1,Bal:SL:ps,0.0010000000000332
3,1,Bal:SL:Yd,0
3,1,Bal:SL:pps,0.000999999999976353
3,2,Krls:single,0.00600000000002865
3,2,SL:single,3.67599999999999
3,2,Krls:cross,0.0459999999999923
3,2,SL:cross,2.642
3,2,Krls:ps,0.0109999999999673
3,2,SL:ps,3.37199999999996
3,2,Krls:pps,0.0149999999999864
3,2,SL:pps,2.84500000000003
3,2,Bal:SL:ps,0
3,2,Bal:SL:Yd,0.00899999999995771
3,2,Bal:SL:pps,0.00199999999995271
3,3,Krls:single,0.0129999999999768
3,3,SL:single,3.39500000000004
3,3,Krls:cross,0.0449999999999591
3,3,SL:cross,2.58199999999999
3,3,Krls:ps,0.0149999999999864
3,3,SL:ps,3.40600000000001
3,3,Krls:pps,0.00900000000001455
3,3,SL:pps,2.63299999999998
3,3,Bal:SL:ps,0.0010000000000332
3,3,Bal:SL:Yd,0.00600000000002865
3,3,Bal:SL:pps,0.000999999999976353
3,4,Krls:single,0.00499999999999545
3,4,SL:single,3.60199999999998
3,4,Krls:cross,0.0449999999999591
3,4,SL:cross,2.96600000000001
3,4,Krls:ps,0.0149999999999864
3,4,SL:ps,3.15100000000001
3,4,Krls:pps,0.00999999999999091
3,4,SL:pps,2.733
3,4,Bal:SL:ps,0.0010000000000332
3,4,Bal:SL:Yd,0.000999999999976353
3,4,Bal:SL:pps,0.000999999999976353
3,5,Krls:single,0.007000000000005
3,5,SL:single,3.52199999999999
3,5,Krls:cross,0.049000000000035
3,5,SL:cross,3.30500000000001
3,5,Krls:ps,0.0230000000000246
3,5,SL:ps,3.44
3,5,Krls:pps,0.0249999999999773
3,5,SL:pps,2.52999999999997
3,5,Bal:SL:ps,0.0010000000000332
3,5,Bal:SL:Yd,0
3,5,Bal:SL:pps,0.00200000000000955
3,6,Krls:single,0.00499999999999545
3,6,SL:single,3.64799999999997
3,6,Krls:cross,0.0470000000000255
3,6,SL:cross,2.97000000000003
3,6,Krls:ps,0.0110000000000241
3,6,SL:ps,3.08999999999998
3,6,Krls:pps,0.0220000000000482
3,6,SL:pps,3.125
3,6,Bal:SL:ps,0
3,6,Bal:SL:Yd,0.0040000000000191
3,6,Bal:SL:pps,0.0010000000000332
3,7,Krls:single,0.01400000000001
3,7,SL:single,4.68599999999998
3,7,Krls:cross,0.0550000000000068
3,7,SL:cross,2.99700000000001
3,7,Krls:ps,0.0120000000000005
3,7,SL:ps,3.60000000000002
3,7,Krls:pps,0.00499999999999545
3,7,SL:pps,2.28199999999998
3,7,Bal:SL:ps,0
3,7,Bal:SL:Yd,0.000999999999976353
3,7,Bal:SL:pps,0.0010000000000332
3,8,Krls:single,0.0120000000000005
3,8,SL:single,3.17199999999997
3,8,Krls:cross,0.0400000000000205
3,8,SL:cross,2.53000000000003
3,8,Krls:ps,0.00999999999999091
3,8,SL:ps,2.83699999999999
3,8,Krls:pps,0.00599999999997181
3,8,SL:pps,2.77099999999996
3,8,Bal:SL:ps,0
3,8,Bal:SL:Yd,0
3,8,Bal:SL:pps,0.00200000000000955
3,9,Krls:single,0.00799999999998136
3,9,SL:single,2.959
3,9,Krls:cross,0.0399999999999636
3,9,SL:cross,2.48199999999997
3,9,Krls:ps,0.00799999999998136
3,9,SL:ps,2.91499999999996
3,9,Krls:pps,0.0180000000000291
3,9,SL:pps,2.24400000000003
3,9,Bal:SL:ps,0
3,9,Bal:SL:Yd,0.000999999999976353
3,9,Bal:SL:pps,0.000999999999976353
3,10,Krls:single,0.00900000000001455
3,10,SL:single,2.97800000000001
3,10,Krls:cross,0.0389999999999873
3,10,SL:cross,2.46300000000002
3,10,Krls:ps,0.0040000000000191
3,10,SL:ps,2.86899999999997
3,10,Krls:pps,0.0169999999999959
3,10,SL:pps,1.67600000000004
3,10,Bal:SL:ps,0
3,10,Bal:SL:Yd,0
3,10,Bal:SL:pps,0.000999999999976353
4,1,Krls:single,0.0180000000000291
4,1,SL:single,3.09700000000004
4,1,Krls:cross,0.0300000000000296
4,1,SL:cross,2.03499999999997
4,1,Krls:ps,0.0109999999999673
4,1,SL:ps,2.72199999999998
4,1,Krls:pps,0.00599999999997181
4,1,SL:pps,2.04400000000004
4,1,Bal:SL:ps,0.0010000000000332
4,1,Bal:SL:Yd,0
4,1,Bal:SL:pps,0.000999999999976353
4,2,Krls:single,0.00599999999997181
4,2,SL:single,3.11599999999999
4,2,Krls:cross,0.0419999999999732
4,2,SL:cross,2.02299999999997
4,2,Krls:ps,0.0240000000000009
4,2,SL:ps,2.72300000000001
4,2,Krls:pps,0.0220000000000482
4,2,SL:pps,2.19999999999999
4,2,Bal:SL:ps,0.0010000000000332
4,2,Bal:SL:Yd,0
4,2,Bal:SL:pps,0.0010000000000332
4,3,Krls:single,0.007000000000005
4,3,SL:single,3.05099999999999
4,3,Krls:cross,0.0400000000000205
4,3,SL:cross,1.96100000000001
4,3,Krls:ps,0.02800000000002
4,3,SL:ps,2.63100000000003
4,3,Krls:pps,0.00799999999998136
4,3,SL:pps,2.03300000000002
4,3,Bal:SL:ps,0
4,3,Bal:SL:Yd,0
4,3,Bal:SL:pps,0.000999999999976353
4,4,Krls:single,0.00499999999999545
4,4,SL:single,2.98099999999999
4,4,Krls:cross,0.0289999999999964
4,4,SL:cross,1.96000000000004
4,4,Krls:ps,0.00900000000001455
4,4,SL:ps,2.67000000000002
4,4,Krls:pps,0.0129999999999768
4,4,SL:pps,2.31
4,4,Bal:SL:ps,0
4,4,Bal:SL:Yd,0
4,4,Bal:SL:pps,0.0010000000000332
4,5,Krls:single,0.00899999999995771
4,5,SL:single,2.96799999999996
4,5,Krls:cross,0.0409999999999968
4,5,SL:cross,1.98099999999999
4,5,Krls:ps,0.0199999999999818
4,5,SL:ps,2.733
4,5,Krls:pps,0.00900000000001455
4,5,SL:pps,1.91699999999997
4,5,Bal:SL:ps,0
4,5,Bal:SL:Yd,0
4,5,Bal:SL:pps,0
4,6,Krls:single,0.00499999999999545
4,6,SL:single,
4,6,Krls:cross,0.0389999999999873
4,6,SL:cross,
4,6,Krls:ps,
4,6,SL:ps,
4,6,Krls:pps,
4,6,SL:pps,
4,6,Bal:SL:ps,
4,6,Bal:SL:Yd,
4,6,Bal:SL:pps,
4,7,Krls:single,
4,7,SL:single,
4,7,Krls:cross,
4,7,SL:cross,
4,7,Krls:ps,
4,7,SL:ps,
4,7,Krls:pps,
4,7,SL:pps,
4,7,Bal:SL:ps,
4,7,Bal:SL:Yd,
4,7,Bal:SL:pps,
4,8,Krls:single,
4,8,SL:single,
4,8,Krls:cross,
4,8,SL:cross,
4,8,Krls:ps,
4,8,SL:ps,
4,8,Krls:pps,
4,8,SL:pps,
4,8,Bal:SL:ps,
4,8,Bal:SL:Yd,
4,8,Bal:SL:pps,
4,9,Krls:single,
4,9,SL:single,
4,9,Krls:cross,
4,9,SL:cross,
4,9,Krls:ps,
4,9,SL:ps,
4,9,Krls:pps,
4,9,SL:pps,
4,9,Bal:SL:ps,
4,9,Bal:SL:Yd,
4,9,Bal:SL:pps,
4,10,Krls:single,
4,10,SL:single,
4,10,Krls:cross,
4,10,SL:cross,
4,10,Krls:ps,
4,10,SL:ps,
4,10,Krls:pps,
4,10,SL:pps,
4,10,Bal:SL:ps,
4,10,Bal:SL:Yd,
4,10,Bal:SL:pps,
5,1,Krls:single,0.075999999999965
5,1,SL:single,3.42900000000003
5,1,Krls:cross,0.0699999999999932
5,1,SL:cross,2.04499999999996
5,1,Krls:ps,0.0169999999999959
5,1,SL:ps,2.88600000000002
5,1,Krls:pps,0.0130000000000337
5,1,SL:pps,2.10000000000002
5,1,Bal:SL:ps,0.000999999999976353
5,1,Bal:SL:Yd,0
5,1,Bal:SL:pps,0.000999999999976353
5,2,Krls:single,0.0050000000000523
5,2,SL:single,2.935
5,2,Krls:cross,0.0430000000000064
5,2,SL:cross,2.06099999999998
5,2,Krls:ps,0.00900000000001455
5,2,SL:ps,2.71600000000001
5,2,Krls:pps,0.0259999999999536
5,2,SL:pps,1.86900000000003
5,2,Bal:SL:ps,0
5,2,Bal:SL:Yd,0.000999999999976353
5,2,Bal:SL:pps,0.00199999999995271
5,3,Krls:single,0.0110000000000241
5,3,SL:single,3.06200000000001
5,3,Krls:cross,0.0419999999999732
5,3,SL:cross,1.95999999999998
5,3,Krls:ps,0.0040000000000191
5,3,SL:ps,2.726
5,3,Krls:pps,0.0110000000000241
5,3,SL:pps,2.15200000000004
5,3,Bal:SL:ps,0.000999999999976353
5,3,Bal:SL:Yd,0
5,3,Bal:SL:pps,0.0010000000000332
5,4,Krls:single,0.00899999999995771
5,4,SL:single,2.964
5,4,Krls:cross,0.0430000000000064
5,4,SL:cross,1.95100000000002
5,4,Krls:ps,0.00499999999999545
5,4,SL:ps,2.55100000000004
5,4,Krls:pps,0.0109999999999673
5,4,SL:pps,2.05099999999999
5,4,Bal:SL:ps,0
5,4,Bal:SL:Yd,0
5,4,Bal:SL:pps,0
5,5,Krls:single,0.00300000000004275
5,5,SL:single,3.06200000000001
5,5,Krls:cross,0.0319999999999823
5,5,SL:cross,2.303
5,5,Krls:ps,0.0190000000000055
5,5,SL:ps,2.82499999999999
5,5,Krls:pps,0.0129999999999768
5,5,SL:pps,1.89400000000001
5,5,Bal:SL:ps,0.000999999999976353
5,5,Bal:SL:Yd,0
5,5,Bal:SL:pps,0.000999999999976353
5,6,Krls:single,
5,6,SL:single,
5,6,Krls:cross,
5,6,SL:cross,
5,6,Krls:ps,
5,6,SL:ps,
5,6,Krls:pps,
5,6,SL:pps,
5,6,Bal:SL:ps,
5,6,Bal:SL:Yd,
5,6,Bal:SL:pps,
5,7,Krls:single,
5,7,SL:single,
5,7,Krls:cross,
5,7,SL:cross,
5,7,Krls:ps,
5,7,SL:ps,
5,7,Krls:pps,
5,7,SL:pps,
5,7,Bal:SL:ps,
5,7,Bal:SL:Yd,
5,7,Bal:SL:pps,
5,8,Krls:single,
5,8,SL:single,
5,8,Krls:cross,
5,8,SL:cross,
5,8,Krls:ps,
5,8,SL:ps,
5,8,Krls:pps,
5,8,SL:pps,
5,8,Bal:SL:ps,
5,8,Bal:SL:Yd,
5,8,Bal:SL:pps,
5,9,Krls:single,
5,9,SL:single,
5,9,Krls:cross,
5,9,SL:cross,
5,9,Krls:ps,
5,9,SL:ps,
5,9,Krls:pps,
5,9,SL:pps,
5,9,Bal:SL:ps,
5,9,Bal:SL:Yd,
5,9,Bal:SL:pps,
5,10,Krls:single,
5,10,SL:single,
5,10,Krls:cross,
5,10,SL:cross,
5,10,Krls:ps,
5,10,SL:ps,
5,10,Krls:pps,
5,10,SL:pps,
5,10,Bal:SL:ps,
5,10,Bal:SL:Yd,
5,10,Bal:SL:pps,
6,1,Krls:single,0.01400000000001
6,1,SL:single,2.91700000000003
6,1,Krls:cross,0.0470000000000255
6,1,SL:cross,2.32900000000001
6,1,Krls:ps,0.0159999999999627
6,1,SL:ps,2.60599999999999
6,1,Krls:pps,0.00299999999992906
6,1,SL:pps,2.04200000000003
6,1,Bal:SL:ps,0.000999999999976353
6,1,Bal:SL:Yd,0
6,1,Bal:SL:pps,0.000999999999976353
6,2,Krls:single,0.00200000000006639
6,2,SL:single,2.89099999999996
6,2,Krls:cross,0.0399999999999636
6,2,SL:cross,2.02499999999998
6,2,Krls:ps,0.00699999999994816
6,2,SL:ps,2.54700000000003
6,2,Krls:pps,0.0100000000001046
6,2,SL:pps,1.72500000000002
6,2,Bal:SL:ps,0.000999999999976353
6,2,Bal:SL:Yd,0.000999999999976353
6,2,Bal:SL:pps,0.000999999999976353
6,3,Krls:single,0.0120000000000573
6,3,SL:single,2.92100000000005
6,3,Krls:cross,0.0389999999999873
6,3,SL:cross,1.87900000000002
6,3,Krls:ps,0.00999999999999091
6,3,SL:ps,2.49399999999991
6,3,Krls:pps,0.0040000000000191
6,3,SL:pps,2.22199999999998
6,3,Bal:SL:ps,0
6,3,Bal:SL:Yd,0
6,3,Bal:SL:pps,0.000999999999976353
6,4,Krls:single,0.00499999999999545
6,4,SL:single,2.822
6,4,Krls:cross,0.0389999999999873
6,4,SL:cross,2.34000000000003
6,4,Krls:ps,0.00599999999997181
6,4,SL:ps,2.70799999999997
6,4,Krls:pps,0.01299999999992
6,4,SL:pps,2.01599999999996
6,4,Bal:SL:ps,0.000999999999976353
6,4,Bal:SL:Yd,0.000999999999976353
6,4,Bal:SL:pps,0.00200000000006639
6,5,Krls:single,0.0109999999999673
6,5,SL:single,2.87699999999995
6,5,Krls:cross,0.0410000000000537
6,5,SL:cross,1.96399999999994
6,5,Krls:ps,0.0159999999999627
6,5,SL:ps,2.59400000000005
6,5,Krls:pps,0.00299999999992906
6,5,SL:pps,2.096
6,5,Bal:SL:ps,0
6,5,Bal:SL:Yd,0
6,5,Bal:SL:pps,0
6,6,Krls:single,
6,6,SL:single,
6,6,Krls:cross,
6,6,SL:cross,
6,6,Krls:ps,
6,6,SL:ps,
6,6,Krls:pps,
6,6,SL:pps,
6,6,Bal:SL:ps,
6,6,Bal:SL:Yd,
6,6,Bal:SL:pps,
6,7,Krls:single,
6,7,SL:single,
6,7,Krls:cross,
6,7,SL:cross,
6,7,Krls:ps,
6,7,SL:ps,
6,7,Krls:pps,
6,7,SL:pps,
6,7,Bal:SL:ps,
6,7,Bal:SL:Yd,
6,7,Bal:SL:pps,
6,8,Krls:single,
6,8,SL:single,
6,8,Krls:cross,
6,8,SL:cross,
6,8,Krls:ps,
6,8,SL:ps,
6,8,Krls:pps,
6,8,SL:pps,
6,8,Bal:SL:ps,
6,8,Bal:SL:Yd,
6,8,Bal:SL:pps,
6,9,Krls:single,
6,9,SL:single,
6,9,Krls:cross,
6,9,SL:cross,
6,9,Krls:ps,
6,9,SL:ps,
6,9,Krls:pps,
6,9,SL:pps,
6,9,Bal:SL:ps,
6,9,Bal:SL:Yd,
6,9,Bal:SL:pps,
6,10,Krls:single,
6,10,SL:single,
6,10,Krls:cross,
6,10,SL:cross,
6,10,Krls:ps,
6,10,SL:ps,
6,10,Krls:pps,
6,10,SL:pps,
6,10,Bal:SL:ps,
6,10,Bal:SL:Yd,
6,10,Bal:SL:pps,
7,1,Krls:single,0.0150000000001
7,1,SL:single,2.85199999999998
7,1,Krls:cross,0.0389999999999873
7,1,SL:cross,1.98399999999992
7,1,Krls:ps,0.00999999999999091
7,1,SL:ps,2.70800000000008
7,1,Krls:pps,0.00900000000001455
7,1,SL:pps,1.76700000000005
7,1,Bal:SL:ps,0.00100000000009004
7,1,Bal:SL:Yd,0
7,1,Bal:SL:pps,0.000999999999976353
7,2,Krls:single,0.00799999999992451
7,2,SL:single,2.97000000000003
7,2,Krls:cross,0.0379999999998972
7,2,SL:cross,1.92399999999998
7,2,Krls:ps,0.00600000000008549
7,2,SL:ps,2.57399999999996
7,2,Krls:pps,0.0080000000000382
7,2,SL:pps,2.10599999999999
7,2,Bal:SL:ps,0
7,2,Bal:SL:Yd,0
7,2,Bal:SL:pps,0.000999999999976353
7,3,Krls:single,0.00699999999994816
7,3,SL:single,2.99700000000007
7,3,Krls:cross,0.0399999999999636
7,3,SL:cross,2.01900000000001
7,3,Krls:ps,0.0120000000000573
7,3,SL:ps,2.65300000000002
7,3,Krls:pps,0.000999999999976353
7,3,SL:pps,1.846
7,3,Bal:SL:ps,0.000999999999976353
7,3,Bal:SL:Yd,0
7,3,Bal:SL:pps,0.00100000000009004
7,4,Krls:single,0.0040000000000191
7,4,SL:single,2.94400000000007
7,4,Krls:cross,0.0410000000000537
7,4,SL:cross,2.476
7,4,Krls:ps,0.0080000000000382
7,4,SL:ps,2.68200000000002
7,4,Krls:pps,0.0119999999999436
7,4,SL:pps,1.80500000000006
7,4,Bal:SL:ps,0
7,4,Bal:SL:Yd,0
7,4,Bal:SL:pps,0.000999999999976353
7,5,Krls:single,0.00499999999999545
7,5,SL:single,2.947
7,5,Krls:cross,0.0310000000000628
7,5,SL:cross,2.31999999999994
7,5,Krls:ps,0.0120000000000573
7,5,SL:ps,2.87099999999998
7,5,Krls:pps,0.0149999999999864
7,5,SL:pps,2.11099999999999
7,5,Bal:SL:ps,0.000999999999976353
7,5,Bal:SL:Yd,0
7,5,Bal:SL:pps,0.00199999999995271
7,6,Krls:single,
7,6,SL:single,
7,6,Krls:cross,
7,6,SL:cross,
7,6,Krls:ps,
7,6,SL:ps,
7,6,Krls:pps,
7,6,SL:pps,
7,6,Bal:SL:ps,
7,6,Bal:SL:Yd,
7,6,Bal:SL:pps,
7,7,Krls:single,
7,7,SL:single,
7,7,Krls:cross,
7,7,SL:cross,
7,7,Krls:ps,
7,7,SL:ps,
7,7,Krls:pps,
7,7,SL:pps,
7,7,Bal:SL:ps,
7,7,Bal:SL:Yd,
7,7,Bal:SL:pps,
7,8,Krls:single,
7,8,SL:single,
7,8,Krls:cross,
7,8,SL:cross,
7,8,Krls:ps,
7,8,SL:ps,
7,8,Krls:pps,
7,8,SL:pps,
7,8,Bal:SL:ps,
7,8,Bal:SL:Yd,
7,8,Bal:SL:pps,
7,9,Krls:single,
7,9,SL:single,
7,9,Krls:cross,
7,9,SL:cross,
7,9,Krls:ps,
7,9,SL:ps,
7,9,Krls:pps,
7,9,SL:pps,
7,9,Bal:SL:ps,
7,9,Bal:SL:Yd,
7,9,Bal:SL:pps,
7,10,Krls:single,
7,10,SL:single,
7,10,Krls:cross,
7,10,SL:cross,
7,10,Krls:ps,
7,10,SL:ps,
7,10,Krls:pps,
7,10,SL:pps,
7,10,Bal:SL:ps,
7,10,Bal:SL:Yd,
7,10,Bal:SL:pps,
8,1,Krls:single,0.0139999999998963
8,1,SL:single,2.91100000000006
8,1,Krls:cross,0.0389999999999873
8,1,SL:cross,2.452
8,1,Krls:ps,0.0150000000001
8,1,SL:ps,3.20100000000002
8,1,Krls:pps,0.00600000000008549
8,1,SL:pps,2.54600000000005
8,1,Bal:SL:ps,0
8,1,Bal:SL:Yd,0
8,1,Bal:SL:pps,0.00300000000004275
8,2,Krls:single,0.0130000000000337
8,2,SL:single,3.38099999999997
8,2,Krls:cross,0.0720000000000027
8,2,SL:cross,1.90300000000002
8,2,Krls:ps,0.00900000000001455
8,2,SL:ps,2.76400000000001
8,2,Krls:pps,0.0080000000000382
8,2,SL:pps,2.09699999999998
8,2,Bal:SL:ps,0.000999999999976353
8,2,Bal:SL:Yd,0
8,2,Bal:SL:pps,0.00200000000006639
8,3,Krls:single,0.0040000000000191
8,3,SL:single,2.83699999999999
8,3,Krls:cross,0.0389999999999873
8,3,SL:cross,1.99400000000003
8,3,Krls:ps,0.0080000000000382
8,3,SL:ps,2.86699999999996
8,3,Krls:pps,0.0040000000000191
8,3,SL:pps,2.06399999999996
8,3,Bal:SL:ps,0.000999999999976353
8,3,Bal:SL:Yd,0.000999999999976353
8,3,Bal:SL:pps,0.000999999999976353
8,4,Krls:single,0.0080000000000382
8,4,SL:single,2.98599999999999
8,4,Krls:cross,0.0399999999999636
8,4,SL:cross,1.94299999999998
8,4,Krls:ps,0.0130000000000337
8,4,SL:ps,2.79299999999989
8,4,Krls:pps,0.0109999999999673
8,4,SL:pps,1.98400000000004
8,4,Bal:SL:ps,0
8,4,Bal:SL:Yd,0
8,4,Bal:SL:pps,0.000999999999976353
8,5,Krls:single,0.0119999999999436
8,5,SL:single,3.01599999999996
8,5,Krls:cross,0.0400000000000773
8,5,SL:cross,2.18600000000004
8,5,Krls:ps,0.00700000000006185
8,5,SL:ps,2.78600000000006
8,5,Krls:pps,0.00699999999994816
8,5,SL:pps,1.83499999999992
8,5,Bal:SL:ps,0.000999999999976353
8,5,Bal:SL:Yd,0
8,5,Bal:SL:pps,0.000999999999976353
8,6,Krls:single,
8,6,SL:single,
8,6,Krls:cross,
8,6,SL:cross,
8,6,Krls:ps,
8,6,SL:ps,
8,6,Krls:pps,
8,6,SL:pps,
8,6,Bal:SL:ps,
8,6,Bal:SL:Yd,
8,6,Bal:SL:pps,
8,7,Krls:single,
8,7,SL:single,
8,7,Krls:cross,
8,7,SL:cross,
8,7,Krls:ps,
8,7,SL:ps,
8,7,Krls:pps,
8,7,SL:pps,
8,7,Bal:SL:ps,
8,7,Bal:SL:Yd,
8,7,Bal:SL:pps,
8,8,Krls:single,
8,8,SL:single,
8,8,Krls:cross,
8,8,SL:cross,
8,8,Krls:ps,
8,8,SL:ps,
8,8,Krls:pps,
8,8,SL:pps,
8,8,Bal:SL:ps,
8,8,Bal:SL:Yd,
8,8,Bal:SL:pps,
8,9,Krls:single,
8,9,SL:single,
8,9,Krls:cross,
8,9,SL:cross,
8,9,Krls:ps,
8,9,SL:ps,
8,9,Krls:pps,
8,9,SL:pps,
8,9,Bal:SL:ps,
8,9,Bal:SL:Yd,
8,9,Bal:SL:pps,
8,10,Krls:single,
8,10,SL:single,
8,10,Krls:cross,
8,10,SL:cross,
8,10,Krls:ps,
8,10,SL:ps,
8,10,Krls:pps,
8,10,SL:pps,
8,10,Bal:SL:ps,
8,10,Bal:SL:Yd,
8,10,Bal:SL:pps,
9,1,Krls:single,0.01299999999992
9,1,SL:single,3.08199999999999
9,1,Krls:cross,0.0399999999999636
9,1,SL:cross,2.548
9,1,Krls:ps,0.0109999999999673
9,1,SL:ps,2.76900000000001
9,1,Krls:pps,0.00799999999992451
9,1,SL:pps,2.06899999999996
9,1,Bal:SL:ps,0.00100000000009004
9,1,Bal:SL:Yd,0.00100000000009004
9,1,Bal:SL:pps,0.000999999999976353
9,2,Krls:single,0.00600000000008549
9,2,SL:single,2.90999999999997
9,2,Krls:cross,0.0389999999999873
9,2,SL:cross,2.43899999999996
9,2,Krls:ps,0.00899999999990087
9,2,SL:ps,2.601
9,2,Krls:pps,0.01400000000001
9,2,SL:pps,1.66100000000006
9,2,Bal:SL:ps,0
9,2,Bal:SL:Yd,0
9,2,Bal:SL:pps,0.000999999999976353
9,3,Krls:single,0.0110000000000809
9,3,SL:single,3.02500000000009
9,3,Krls:cross,0.0389999999999873
9,3,SL:cross,2.13299999999992
9,3,Krls:ps,0.00699999999994816
9,3,SL:ps,2.79300000000001
9,3,Krls:pps,0.0040000000000191
9,3,SL:pps,2.07799999999997
9,3,Bal:SL:ps,0.000999999999976353
9,3,Bal:SL:Yd,0
9,3,Bal:SL:pps,0.000999999999976353
9,4,Krls:single,0.00499999999999545
9,4,SL:single,2.93100000000004
9,4,Krls:cross,0.0369999999999209
9,4,SL:cross,1.91700000000003
9,4,Krls:ps,0.00499999999999545
9,4,SL:ps,2.83000000000004
9,4,Krls:pps,0.0100000000001046
9,4,SL:pps,1.99000000000001
9,4,Bal:SL:ps,0
9,4,Bal:SL:Yd,0
9,4,Bal:SL:pps,0.000999999999976353
9,5,Krls:single,0.0109999999999673
9,5,SL:single,3.03199999999993
9,5,Krls:cross,0.0309999999999491
9,5,SL:cross,2.2170000000001
9,5,Krls:ps,0.0080000000000382
9,5,SL:ps,2.55799999999999
9,5,Krls:pps,0.00699999999994816
9,5,SL:pps,1.76600000000008
9,5,Bal:SL:ps,0.00100000000009004
9,5,Bal:SL:Yd,0
9,5,Bal:SL:pps,0.000999999999976353
9,6,Krls:single,
9,6,SL:single,
9,6,Krls:cross,
9,6,SL:cross,
9,6,Krls:ps,
9,6,SL:ps,
9,6,Krls:pps,
9,6,SL:pps,
9,6,Bal:SL:ps,
9,6,Bal:SL:Yd,
9,6,Bal:SL:pps,
9,7,Krls:single,
9,7,SL:single,
9,7,Krls:cross,
9,7,SL:cross,
9,7,Krls:ps,
9,7,SL:ps,
9,7,Krls:pps,
9,7,SL:pps,
9,7,Bal:SL:ps,
9,7,Bal:SL:Yd,
9,7,Bal:SL:pps,
9,8,Krls:single,
9,8,SL:single,
9,8,Krls:cross,
9,8,SL:cross,
9,8,Krls:ps,
9,8,SL:ps,
9,8,Krls:pps,
9,8,SL:pps,
9,8,Bal:SL:ps,
9,8,Bal:SL:Yd,
9,8,Bal:SL:pps,
9,9,Krls:single,
9,9,SL:single,
9,9,Krls:cross,
9,9,SL:cross,
9,9,Krls:ps,
9,9,SL:ps,
9,9,Krls:pps,
9,9,SL:pps,
9,9,Bal:SL:ps,
9,9,Bal:SL:Yd,
9,9,Bal:SL:pps,
9,10,Krls:single,
9,10,SL:single,
9,10,Krls:cross,
9,10,SL:cross,
9,10,Krls:ps,
9,10,SL:ps,
9,10,Krls:pps,
9,10,SL:pps,
9,10,Bal:SL:ps,
9,10,Bal:SL:Yd,
9,10,Bal:SL:pps,
10,1,Krls:single,0.01400000000001
10,1,SL:single,3.09099999999989
10,1,Krls:cross,0.0410000000000537
10,1,SL:cross,2.29700000000003
10,1,Krls:ps,0.00999999999999091
10,1,SL:ps,3.279
10,1,Krls:pps,0.00999999999999091
10,1,SL:pps,2.11200000000008
10,1,Bal:SL:ps,0.000999999999976353
10,1,Bal:SL:Yd,0
10,1,Bal:SL:pps,0.00100000000009004
10,2,Krls:single,0.0109999999999673
10,2,SL:single,2.99099999999999
10,2,Krls:cross,0.0399999999999636
10,2,SL:cross,2.34900000000005
10,2,Krls:ps,0.0120000000000573
10,2,SL:ps,3.12900000000002
10,2,Krls:pps,0.00699999999994816
10,2,SL:pps,2.80600000000004
10,2,Bal:SL:ps,0
10,2,Bal:SL:Yd,0.000999999999976353
10,2,Bal:SL:pps,0.000999999999976353
10,3,Krls:single,0.0080000000000382
10,3,SL:single,3.25699999999995
10,3,Krls:cross,0.0419999999999163
10,3,SL:cross,2.56200000000001
10,3,Krls:ps,0.0170000000000528
10,3,SL:ps,3.25700000000006
10,3,Krls:pps,0.0130000000000337
10,3,SL:pps,2.22699999999998
10,3,Bal:SL:ps,0.00599999999997181
10,3,Bal:SL:Yd,0
10,3,Bal:SL:pps,0.00200000000006639
10,4,Krls:single,0.00499999999999545
10,4,SL:single,3.36099999999999
10,4,Krls:cross,0.04200000000003
10,4,SL:cross,2.53200000000004
10,4,Krls:ps,0.0199999999999818
10,4,SL:ps,3.05999999999995
10,4,Krls:pps,0.0230000000000246
10,4,SL:pps,2.62199999999996
10,4,Bal:SL:ps,0
10,4,Bal:SL:Yd,0
10,4,Bal:SL:pps,0.000999999999976353
10,5,Krls:single,0.01299999999992
10,5,SL:single,3.36299999999994
10,5,Krls:cross,0.0440000000000964
10,5,SL:cross,2.36900000000003
10,5,Krls:ps,0.0110000000000809
10,5,SL:ps,3.09900000000005
10,5,Krls:pps,0.00900000000001455
10,5,SL:pps,2.07399999999996
10,5,Bal:SL:ps,0
10,5,Bal:SL:Yd,0.000999999999976353
10,5,Bal:SL:pps,0.000999999999976353
10,6,Krls:single,
10,6,SL:single,
10,6,Krls:cross,
10,6,SL:cross,
10,6,Krls:ps,
10,6,SL:ps,
10,6,Krls:pps,
10,6,SL:pps,
10,6,Bal:SL:ps,
10,6,Bal:SL:Yd,
10,6,Bal:SL:pps,
10,7,Krls:single,
10,7,SL:single,
10,7,Krls:cross,
10,7,SL:cross,
10,7,Krls:ps,
10,7,SL:ps,
10,7,Krls:pps,
10,7,SL:pps,
10,7,Bal:SL:ps,
10,7,Bal:SL:Yd,
10,7,Bal:SL:pps,
10,8,Krls:single,
10,8,SL:single,
10,8,Krls:cross,
10,8,SL:cross,
10,8,Krls:ps,
10,8,SL:ps,
10,8,Krls:pps,
10,8,SL:pps,
10,8,Bal:SL:ps,
10,8,Bal:SL:Yd,
10,8,Bal:SL:pps,
10,9,Krls:single,
10,9,SL:single,
10,9,Krls:cross,
10,9,SL:cross,
10,9,Krls:ps,
10,9,SL:ps,
10,9,Krls:pps,
10,9,SL:pps,
10,9,Bal:SL:ps,
10,9,Bal:SL:Yd,
10,9,Bal:SL:pps,
10,10,Krls:single,
10,10,SL:single,
10,10,Krls:cross,
10,10,SL:cross,
10,10,Krls:ps,
10,10,SL:ps,
10,10,Krls:pps,
10,10,SL:pps,
10,10,Bal:SL:ps,
10,10,Bal:SL:Yd,
10,10,Bal:SL:pps,
11,1,Krls:single,0.0109999999999673
11,1,SL:single,3.48599999999999
11,1,Krls:cross,0.0410000000000537
11,1,SL:cross,2.58299999999997
11,1,Krls:ps,0.0180000000000291
11,1,SL:ps,2.99800000000005
11,1,Krls:pps,0.0170000000000528
11,1,SL:pps,2.447
11,1,Bal:SL:ps,0.00700000000006185
11,1,Bal:SL:Yd,0
11,1,Bal:SL:pps,0.00100000000009004
11,2,Krls:single,0.00900000000001455
11,2,SL:single,3.35699999999997
11,2,Krls:cross,0.0450000000000728
11,2,SL:cross,2.399
11,2,Krls:ps,0.0179999999999154
11,2,SL:ps,2.97299999999996
11,2,Krls:pps,0.01400000000001
11,2,SL:pps,2.346
11,2,Bal:SL:ps,0
11,2,Bal:SL:Yd,0
11,2,Bal:SL:pps,0.000999999999976353
11,3,Krls:single,0.00699999999994816
11,3,SL:single,3.25900000000001
11,3,Krls:cross,0.0419999999999163
11,3,SL:cross,2.78399999999999
11,3,Krls:ps,0.0109999999999673
11,3,SL:ps,3.00200000000007
11,3,Krls:pps,0.0179999999999154
11,3,SL:pps,2.16500000000008
11,3,Bal:SL:ps,0.000999999999976353
11,3,Bal:SL:Yd,0
11,3,Bal:SL:pps,0.000999999999976353
11,4,Krls:single,0.00999999999999091
11,4,SL:single,3.15800000000002
11,4,Krls:cross,0.0320000000000391
11,4,SL:cross,2.46400000000006
11,4,Krls:ps,0.01400000000001
11,4,SL:ps,2.822
11,4,Krls:pps,0.0159999999999627
11,4,SL:pps,2.38099999999997
11,4,Bal:SL:ps,0
11,4,Bal:SL:Yd,0
11,4,Bal:SL:pps,0.000999999999976353
11,5,Krls:single,0.0109999999999673
11,5,SL:single,2.98599999999999
11,5,Krls:cross,0.0400000000000773
11,5,SL:cross,2.07000000000005
11,5,Krls:ps,0.0110000000000809
11,5,SL:ps,2.85500000000002
11,5,Krls:pps,0.00199999999995271
11,5,SL:pps,1.85000000000002
11,5,Bal:SL:ps,0
11,5,Bal:SL:Yd,0
11,5,Bal:SL:pps,0.000999999999976353
11,6,Krls:single,
11,6,SL:single,
11,6,Krls:cross,
11,6,SL:cross,
11,6,Krls:ps,
11,6,SL:ps,
11,6,Krls:pps,
11,6,SL:pps,
11,6,Bal:SL:ps,
11,6,Bal:SL:Yd,
11,6,Bal:SL:pps,
11,7,Krls:single,
11,7,SL:single,
11,7,Krls:cross,
11,7,SL:cross,
11,7,Krls:ps,
11,7,SL:ps,
11,7,Krls:pps,
11,7,SL:pps,
11,7,Bal:SL:ps,
11,7,Bal:SL:Yd,
11,7,Bal:SL:pps,
11,8,Krls:single,
11,8,SL:single,
11,8,Krls:cross,
11,8,SL:cross,
11,8,Krls:ps,
11,8,SL:ps,
11,8,Krls:pps,
11,8,SL:pps,
11,8,Bal:SL:ps,
11,8,Bal:SL:Yd,
11,8,Bal:SL:pps,
11,9,Krls:single,
11,9,SL:single,
11,9,Krls:cross,
11,9,SL:cross,
11,9,Krls:ps,
11,9,SL:ps,
11,9,Krls:pps,
11,9,SL:pps,
11,9,Bal:SL:ps,
11,9,Bal:SL:Yd,
11,9,Bal:SL:pps,
11,10,Krls:single,
11,10,SL:single,
11,10,Krls:cross,
11,10,SL:cross,
11,10,Krls:ps,
11,10,SL:ps,
11,10,Krls:pps,
11,10,SL:pps,
11,10,Bal:SL:ps,
11,10,Bal:SL:Yd,
11,10,Bal:SL:pps,
12,1,Krls:single,0.0109999999999673
12,1,SL:single,3.05799999999999
12,1,Krls:cross,0.04200000000003
12,1,SL:cross,2.46299999999997
12,1,Krls:ps,0.0130000000000337
12,1,SL:ps,2.88300000000004
12,1,Krls:pps,0.00900000000001455
12,1,SL:pps,2.58600000000001
12,1,Bal:SL:ps,0.000999999999976353
12,1,Bal:SL:Yd,0.00100000000009004
12,1,Bal:SL:pps,0.000999999999976353
12,2,Krls:single,0.00700000000006185
12,2,SL:single,3.17499999999995
12,2,Krls:cross,0.0410000000000537
12,2,SL:cross,2.80399999999997
12,2,Krls:ps,0.0200000000000955
12,2,SL:ps,3.09000000000003
12,2,Krls:pps,0.0130000000000337
12,2,SL:pps,1.78099999999995
12,2,Bal:SL:ps,0
12,2,Bal:SL:Yd,0
12,2,Bal:SL:pps,0.00199999999995271
12,3,Krls:single,0.00700000000006185
12,3,SL:single,3.41099999999994
12,3,Krls:cross,0.0459999999999354
12,3,SL:cross,2.20500000000004
12,3,Krls:ps,0.0159999999999627
12,3,SL:ps,3.00900000000001
12,3,Krls:pps,0.0080000000000382
12,3,SL:pps,2.11900000000003
12,3,Bal:SL:ps,0
12,3,Bal:SL:Yd,0.000999999999976353
12,3,Bal:SL:pps,0.000999999999976353
12,4,Krls:single,0.00900000000001455
12,4,SL:single,3.23900000000003
12,4,Krls:cross,0.04200000000003
12,4,SL:cross,2.346
12,4,Krls:ps,0.0170000000000528
12,4,SL:ps,3.12900000000002
12,4,Krls:pps,0.0119999999999436
12,4,SL:pps,2.59499999999991
12,4,Bal:SL:ps,0.000999999999976353
12,4,Bal:SL:Yd,0.000999999999976353
12,4,Bal:SL:pps,0.000999999999976353
12,5,Krls:single,0.00900000000001455
12,5,SL:single,2.98000000000002
12,5,Krls:cross,0.0380000000000109
12,5,SL:cross,2.00700000000006
12,5,Krls:ps,0.0080000000000382
12,5,SL:ps,2.77300000000002
12,5,Krls:pps,0.0040000000000191
12,5,SL:pps,2.52600000000007
12,5,Bal:SL:ps,0
12,5,Bal:SL:Yd,0
12,5,Bal:SL:pps,0.000999999999976353
12,6,Krls:single,
12,6,SL:single,
12,6,Krls:cross,
12,6,SL:cross,
12,6,Krls:ps,
12,6,SL:ps,
12,6,Krls:pps,
12,6,SL:pps,
12,6,Bal:SL:ps,
12,6,Bal:SL:Yd,
12,6,Bal:SL:pps,
12,7,Krls:single,
12,7,SL:single,
12,7,Krls:cross,
12,7,SL:cross,
12,7,Krls:ps,
12,7,SL:ps,
12,7,Krls:pps,
12,7,SL:pps,
12,7,Bal:SL:ps,
12,7,Bal:SL:Yd,
12,7,Bal:SL:pps,
12,8,Krls:single,
12,8,SL:single,
12,8,Krls:cross,
12,8,SL:cross,
12,8,Krls:ps,
12,8,SL:ps,
12,8,Krls:pps,
12,8,SL:pps,
12,8,Bal:SL:ps,
12,8,Bal:SL:Yd,
12,8,Bal:SL:pps,
12,9,Krls:single,
12,9,SL:single,
12,9,Krls:cross,
12,9,SL:cross,
12,9,Krls:ps,
12,9,SL:ps,
12,9,Krls:pps,
12,9,SL:pps,
12,9,Bal:SL:ps,
12,9,Bal:SL:Yd,
12,9,Bal:SL:pps,
12,10,Krls:single,
12,10,SL:single,
12,10,Krls:cross,
12,10,SL:cross,
12,10,Krls:ps,
12,10,SL:ps,
12,10,Krls:pps,
12,10,SL:pps,
12,10,Bal:SL:ps,
12,10,Bal:SL:Yd,
12,10,Bal:SL:pps,
13,1,Krls:single,0.0119999999999436
13,1,SL:single,2.98000000000002
13,1,Krls:cross,0.04099999999994
13,1,SL:cross,1.84799999999996
13,1,Krls:ps,0.00900000000001455
13,1,SL:ps,2.62
13,1,Krls:pps,0.00900000000001455
13,1,SL:pps,2.39800000000002
13,1,Bal:SL:ps,0
13,1,Bal:SL:Yd,0
13,1,Bal:SL:pps,0.000999999999976353
13,2,Krls:single,0.0109999999999673
13,2,SL:single,2.93500000000006
13,2,Krls:cross,0.0460000000000491
13,2,SL:cross,1.83699999999999
13,2,Krls:ps,0.00499999999999545
13,2,SL:ps,2.726
13,2,Krls:pps,0.0100000000001046
13,2,SL:pps,2.63
13,2,Bal:SL:ps,0.000999999999976353
13,2,Bal:SL:Yd,0
13,2,Bal:SL:pps,0.000999999999976353
13,3,Krls:single,0.00999999999999091
13,3,SL:single,3.11800000000005
13,3,Krls:cross,0.04099999999994
13,3,SL:cross,1.97399999999993
13,3,Krls:ps,0.0080000000000382
13,3,SL:ps,2.82400000000007
13,3,Krls:pps,0.00700000000006185
13,3,SL:pps,2.62599999999998
13,3,Bal:SL:ps,0
13,3,Bal:SL:Yd,0.000999999999976353
13,3,Bal:SL:pps,0.000999999999976353
13,4,Krls:single,0.00499999999999545
13,4,SL:single,3.01199999999994
13,4,Krls:cross,0.0399999999999636
13,4,SL:cross,2.32899999999995
13,4,Krls:ps,0.00599999999997181
13,4,SL:ps,2.70900000000006
13,4,Krls:pps,0.0110000000000809
13,4,SL:pps,2.44799999999998
13,4,Bal:SL:ps,0
13,4,Bal:SL:Yd,0.00600000000008549
13,4,Bal:SL:pps,0.000999999999976353
13,5,Krls:single,0.0080000000000382
13,5,SL:single,3.11699999999996
13,5,Krls:cross,0.0410000000000537
13,5,SL:cross,2.38300000000004
13,5,Krls:ps,0.0119999999999436
13,5,SL:ps,2.80099999999993
13,5,Krls:pps,0.00600000000008549
13,5,SL:pps,2.50099999999998
13,5,Bal:SL:ps,0.000999999999976353
13,5,Bal:SL:Yd,0.000999999999976353
13,5,Bal:SL:pps,0.000999999999976353
13,6,Krls:single,
13,6,SL:single,
13,6,Krls:cross,
13,6,SL:cross,
13,6,Krls:ps,
13,6,SL:ps,
13,6,Krls:pps,
13,6,SL:pps,
13,6,Bal:SL:ps,
13,6,Bal:SL:Yd,
13,6,Bal:SL:pps,
13,7,Krls:single,
13,7,SL:single,
13,7,Krls:cross,
13,7,SL:cross,
13,7,Krls:ps,
13,7,SL:ps,
13,7,Krls:pps,
13,7,SL:pps,
13,7,Bal:SL:ps,
13,7,Bal:SL:Yd,
13,7,Bal:SL:pps,
13,8,Krls:single,
13,8,SL:single,
13,8,Krls:cross,
13,8,SL:cross,
13,8,Krls:ps,
13,8,SL:ps,
13,8,Krls:pps,
13,8,SL:pps,
13,8,Bal:SL:ps,
13,8,Bal:SL:Yd,
13,8,Bal:SL:pps,
13,9,Krls:single,
13,9,SL:single,
13,9,Krls:cross,
13,9,SL:cross,
13,9,Krls:ps,
13,9,SL:ps,
13,9,Krls:pps,
13,9,SL:pps,
13,9,Bal:SL:ps,
13,9,Bal:SL:Yd,
13,9,Bal:SL:pps,
13,10,Krls:single,
13,10,SL:single,
13,10,Krls:cross,
13,10,SL:cross,
13,10,Krls:ps,
13,10,SL:ps,
13,10,Krls:pps,
13,10,SL:pps,
13,10,Bal:SL:ps,
13,10,Bal:SL:Yd,
13,10,Bal:SL:pps,
14,1,Krls:single,0.00999999999999091
14,1,SL:single,3.08000000000004
14,1,Krls:cross,0.0400000000000773
14,1,SL:cross,2.25299999999993
14,1,Krls:ps,0.0230000000000246
14,1,SL:ps,2.39700000000005
14,1,Krls:pps,0.00999999999999091
14,1,SL:pps,1.7940000000001
14,1,Bal:SL:ps,0.000999999999976353
14,1,Bal:SL:Yd,0
14,1,Bal:SL:pps,0.000999999999976353
14,2,Krls:single,0.00499999999999545
14,2,SL:single,3.38800000000003
14,2,Krls:cross,0.0360000000000582
14,2,SL:cross,1.88
14,2,Krls:ps,0.0040000000000191
14,2,SL:ps,2.5390000000001
14,2,Krls:pps,0.0170000000000528
14,2,SL:pps,1.69800000000009
14,2,Bal:SL:ps,0.000999999999976353
14,2,Bal:SL:Yd,0.000999999999976353
14,2,Bal:SL:pps,0.000999999999976353
14,3,Krls:single,0.01400000000001
14,3,SL:single,3.10400000000004
14,3,Krls:cross,0.0380000000000109
14,3,SL:cross,1.79200000000003
14,3,Krls:ps,0.00900000000001455
14,3,SL:ps,2.43299999999999
14,3,Krls:pps,0.0040000000000191
14,3,SL:pps,1.81700000000001
14,3,Bal:SL:ps,0
14,3,Bal:SL:Yd,0
14,3,Bal:SL:pps,0.00199999999995271
14,4,Krls:single,0.00499999999999545
14,4,SL:single,3.10500000000002
14,4,Krls:cross,0.02800000000002
14,4,SL:cross,1.95500000000004
14,4,Krls:ps,0.0109999999999673
14,4,SL:ps,2.94400000000007
14,4,Krls:pps,0.00300000000004275
14,4,SL:pps,2.18000000000006
14,4,Bal:SL:ps,0.00100000000009004
14,4,Bal:SL:Yd,0
14,4,Bal:SL:pps,0.00200000000006639
14,5,Krls:single,0.00300000000004275
14,5,SL:single,2.88599999999997
14,5,Krls:cross,0.0320000000000391
14,5,SL:cross,1.85299999999995
14,5,Krls:ps,0.0109999999999673
14,5,SL:ps,2.78800000000001
14,5,Krls:pps,0.0190000000000055
14,5,SL:pps,2.375
14,5,Bal:SL:ps,0
14,5,Bal:SL:Yd,0
14,5,Bal:SL:pps,0.00199999999995271
14,6,Krls:single,
14,6,SL:single,
14,6,Krls:cross,
14,6,SL:cross,
14,6,Krls:ps,
14,6,SL:ps,
14,6,Krls:pps,
14,6,SL:pps,
14,6,Bal:SL:ps,
14,6,Bal:SL:Yd,
14,6,Bal:SL:pps,
14,7,Krls:single,
14,7,SL:single,
14,7,Krls:cross,
14,7,SL:cross,
14,7,Krls:ps,
14,7,SL:ps,
14,7,Krls:pps,
14,7,SL:pps,
14,7,Bal:SL:ps,
14,7,Bal:SL:Yd,
14,7,Bal:SL:pps,
14,8,Krls:single,
14,8,SL:single,
14,8,Krls:cross,
14,8,SL:cross,
14,8,Krls:ps,
14,8,SL:ps,
14,8,Krls:pps,
14,8,SL:pps,
14,8,Bal:SL:ps,
14,8,Bal:SL:Yd,
14,8,Bal:SL:pps,
14,9,Krls:single,
14,9,SL:single,
14,9,Krls:cross,
14,9,SL:cross,
14,9,Krls:ps,
14,9,SL:ps,
14,9,Krls:pps,
14,9,SL:pps,
14,9,Bal:SL:ps,
14,9,Bal:SL:Yd,
14,9,Bal:SL:pps,
14,10,Krls:single,
14,10,SL:single,
14,10,Krls:cross,
14,10,SL:cross,
14,10,Krls:ps,
14,10,SL:ps,
14,10,Krls:pps,
14,10,SL:pps,
14,10,Bal:SL:ps,
14,10,Bal:SL:Yd,
14,10,Bal:SL:pps,
15,1,Krls:single,0.01400000000001
15,1,SL:single,2.851
15,1,Krls:cross,0.0320000000000391
15,1,SL:cross,1.89799999999991
15,1,Krls:ps,0.00799999999992451
15,1,SL:ps,2.81499999999994
15,1,Krls:pps,0.0149999999999864
15,1,SL:pps,2.375
15,1,Bal:SL:ps,0.00100000000009004
15,1,Bal:SL:Yd,0
15,1,Bal:SL:pps,0.00100000000009004
15,2,Krls:single,0.00999999999999091
15,2,SL:single,3.06299999999999
15,2,Krls:cross,0.0380000000000109
15,2,SL:cross,1.87099999999998
15,2,Krls:ps,0.00599999999997181
15,2,SL:ps,2.69400000000007
15,2,Krls:pps,0.00100000000009004
15,2,SL:pps,2.16599999999994
15,2,Bal:SL:ps,0.000999999999976353
15,2,Bal:SL:Yd,0
15,2,Bal:SL:pps,0.00200000000006639
15,3,Krls:single,0.00599999999997181
15,3,SL:single,3.11400000000003
15,3,Krls:cross,0.0389999999999873
15,3,SL:cross,1.928
15,3,Krls:ps,0.00900000000001455
15,3,SL:ps,2.86799999999994
15,3,Krls:pps,0.00399999999990541
15,3,SL:pps,2.65099999999984
15,3,Bal:SL:ps,0
15,3,Bal:SL:Yd,0
15,3,Bal:SL:pps,0.0080000000000382
15,4,Krls:single,0.00600000000008549
15,4,SL:single,3.01600000000008
15,4,Krls:cross,0.040000000000191
15,4,SL:cross,2.08299999999986
15,4,Krls:ps,0.0109999999999673
15,4,SL:ps,2.78600000000006
15,4,Krls:pps,0.0080000000000382
15,4,SL:pps,2.43200000000002
15,4,Bal:SL:ps,0.000999999999976353
15,4,Bal:SL:Yd,0
15,4,Bal:SL:pps,0.000999999999976353
15,5,Krls:single,0.00399999999990541
15,5,SL:single,2.90000000000009
15,5,Krls:cross,0.0399999999999636
15,5,SL:cross,2.00800000000004
15,5,Krls:ps,0.0139999999998963
15,5,SL:ps,2.95900000000006
15,5,Krls:pps,0.0180000000000291
15,5,SL:pps,2.00699999999983
15,5,Bal:SL:ps,0
15,5,Bal:SL:Yd,0
15,5,Bal:SL:pps,0.00199999999995271
15,6,Krls:single,
15,6,SL:single,
15,6,Krls:cross,
15,6,SL:cross,
15,6,Krls:ps,
15,6,SL:ps,
15,6,Krls:pps,
15,6,SL:pps,
15,6,Bal:SL:ps,
15,6,Bal:SL:Yd,
15,6,Bal:SL:pps,
15,7,Krls:single,
15,7,SL:single,
15,7,Krls:cross,
15,7,SL:cross,
15,7,Krls:ps,
15,7,SL:ps,
15,7,Krls:pps,
15,7,SL:pps,
15,7,Bal:SL:ps,
15,7,Bal:SL:Yd,
15,7,Bal:SL:pps,
15,8,Krls:single,
15,8,SL:single,
15,8,Krls:cross,
15,8,SL:cross,
15,8,Krls:ps,
15,8,SL:ps,
15,8,Krls:pps,
15,8,SL:pps,
15,8,Bal:SL:ps,
15,8,Bal:SL:Yd,
15,8,Bal:SL:pps,
15,9,Krls:single,
15,9,SL:single,
15,9,Krls:cross,
15,9,SL:cross,
15,9,Krls:ps,
15,9,SL:ps,
15,9,Krls:pps,
15,9,SL:pps,
15,9,Bal:SL:ps,
15,9,Bal:SL:Yd,
15,9,Bal:SL:pps,
15,10,Krls:single,
15,10,SL:single,
15,10,Krls:cross,
15,10,SL:cross,
15,10,Krls:ps,
15,10,SL:ps,
15,10,Krls:pps,
15,10,SL:pps,
15,10,Bal:SL:ps,
15,10,Bal:SL:Yd,
15,10,Bal:SL:pps,
16,1,Krls:single,0.01299999999992
16,1,SL:single,3.11400000000003
16,1,Krls:cross,0.0399999999999636
16,1,SL:cross,2.03200000000015
16,1,Krls:ps,0.01299999999992
16,1,SL:ps,3.03600000000006
16,1,Krls:pps,0.00700000000006185
16,1,SL:pps,1.67699999999991
16,1,Bal:SL:ps,0.000999999999976353
16,1,Bal:SL:Yd,0
16,1,Bal:SL:pps,0.00100000000020373
16,2,Krls:single,0.00500000000010914
16,2,SL:single,2.94200000000001
16,2,Krls:cross,0.0489999999999782
16,2,SL:cross,2.44100000000003
16,2,Krls:ps,0.0170000000000528
16,2,SL:ps,2.77400000000011
16,2,Krls:pps,0.0109999999999673
16,2,SL:pps,2.64699999999993
16,2,Bal:SL:ps,0
16,2,Bal:SL:Yd,0
16,2,Bal:SL:pps,0.000999999999976353
16,3,Krls:single,0.0080000000000382
16,3,SL:single,3.24800000000005
16,3,Krls:cross,0.0350000000000819
16,3,SL:cross,1.92000000000007
16,3,Krls:ps,0.01299999999992
16,3,SL:ps,2.53700000000003
16,3,Krls:pps,0.0160000000000764
16,3,SL:pps,2.47399999999993
16,3,Bal:SL:ps,0
16,3,Bal:SL:Yd,0
16,3,Bal:SL:pps,0.00199999999995271
16,4,Krls:single,0.0080000000000382
16,4,SL:single,3.34500000000003
16,4,Krls:cross,0.0420000000001437
16,4,SL:cross,2.38200000000006
16,4,Krls:ps,0.0080000000000382
16,4,SL:ps,2.57600000000002
16,4,Krls:pps,0.0170000000000528
16,4,SL:pps,2.10100000000011
16,4,Bal:SL:ps,0
16,4,Bal:SL:Yd,0
16,4,Bal:SL:pps,0.000999999999976353
16,5,Krls:single,0.00500000000010914
16,5,SL:single,2.96900000000005
16,5,Krls:cross,0.0389999999999873
16,5,SL:cross,1.79299999999989
16,5,Krls:ps,0.00399999999990541
16,5,SL:ps,2.77999999999997
16,5,Krls:pps,0.00600000000008549
16,5,SL:pps,2.01199999999994
16,5,Bal:SL:ps,0.000999999999976353
16,5,Bal:SL:Yd,0
16,5,Bal:SL:pps,0.000999999999976353
16,6,Krls:single,
16,6,SL:single,
16,6,Krls:cross,
16,6,SL:cross,
16,6,Krls:ps,
16,6,SL:ps,
16,6,Krls:pps,
16,6,SL:pps,
16,6,Bal:SL:ps,
16,6,Bal:SL:Yd,
16,6,Bal:SL:pps,
16,7,Krls:single,
16,7,SL:single,
16,7,Krls:cross,
16,7,SL:cross,
16,7,Krls:ps,
16,7,SL:ps,
16,7,Krls:pps,
16,7,SL:pps,
16,7,Bal:SL:ps,
16,7,Bal:SL:Yd,
16,7,Bal:SL:pps,
16,8,Krls:single,
16,8,SL:single,
16,8,Krls:cross,
16,8,SL:cross,
16,8,Krls:ps,
16,8,SL:ps,
16,8,Krls:pps,
16,8,SL:pps,
16,8,Bal:SL:ps,
16,8,Bal:SL:Yd,
16,8,Bal:SL:pps,
16,9,Krls:single,
16,9,SL:single,
16,9,Krls:cross,
16,9,SL:cross,
16,9,Krls:ps,
16,9,SL:ps,
16,9,Krls:pps,
16,9,SL:pps,
16,9,Bal:SL:ps,
16,9,Bal:SL:Yd,
16,9,Bal:SL:pps,
16,10,Krls:single,
16,10,SL:single,
16,10,Krls:cross,
16,10,SL:cross,
16,10,Krls:ps,
16,10,SL:ps,
16,10,Krls:pps,
16,10,SL:pps,
16,10,Bal:SL:ps,
16,10,Bal:SL:Yd,
16,10,Bal:SL:pps,
17,1,Krls:single,0.0149999999998727
17,1,SL:single,2.97599999999989
17,1,Krls:cross,0.0380000000000109
17,1,SL:cross,1.99299999999994
17,1,Krls:ps,0.00999999999999091
17,1,SL:ps,2.71499999999992
17,1,Krls:pps,0.0080000000000382
17,1,SL:pps,1.66599999999994
17,1,Bal:SL:ps,0.00700000000006185
17,1,Bal:SL:Yd,0.000999999999976353
17,1,Bal:SL:pps,0.000999999999976353
17,2,Krls:single,0.0080000000000382
17,2,SL:single,3.00999999999999
17,2,Krls:cross,0.043999999999869
17,2,SL:cross,1.84099999999989
17,2,Krls:ps,0.00399999999990541
17,2,SL:ps,2.70800000000008
17,2,Krls:pps,0.00999999999999091
17,2,SL:pps,2.38299999999981
17,2,Bal:SL:ps,0.000999999999976353
17,2,Bal:SL:Yd,0
17,2,Bal:SL:pps,0.00199999999995271
17,3,Krls:single,0.00999999999999091
17,3,SL:single,2.94200000000001
17,3,Krls:cross,0.0389999999999873
17,3,SL:cross,1.8280000000002
17,3,Krls:ps,0.00700000000006185
17,3,SL:ps,2.85599999999999
17,3,Krls:pps,0.00699999999983447
17,3,SL:pps,2.15200000000004
17,3,Bal:SL:ps,0.000999999999976353
17,3,Bal:SL:Yd,0.000999999999976353
17,3,Bal:SL:pps,0.00199999999995271
17,4,Krls:single,0.00700000000006185
17,4,SL:single,3.03400000000011
17,4,Krls:cross,0.0310000000001764
17,4,SL:cross,1.81499999999983
17,4,Krls:ps,0.0119999999999436
17,4,SL:ps,2.75399999999991
17,4,Krls:pps,0.0109999999999673
17,4,SL:pps,2.39999999999986
17,4,Bal:SL:ps,0
17,4,Bal:SL:Yd,0
17,4,Bal:SL:pps,0.00199999999995271
17,5,Krls:single,0.00500000000010914
17,5,SL:single,3.08900000000017
17,5,Krls:cross,0.0399999999999636
17,5,SL:cross,1.90199999999982
17,5,Krls:ps,0.00799999999981083
17,5,SL:ps,2.52099999999996
17,5,Krls:pps,0.0109999999999673
17,5,SL:pps,1.97399999999993
17,5,Bal:SL:ps,0.000999999999976353
17,5,Bal:SL:Yd,0
17,5,Bal:SL:pps,0.00300000000015643
17,6,Krls:single,
17,6,SL:single,
17,6,Krls:cross,
17,6,SL:cross,
17,6,Krls:ps,
17,6,SL:ps,
17,6,Krls:pps,
17,6,SL:pps,
17,6,Bal:SL:ps,
17,6,Bal:SL:Yd,
17,6,Bal:SL:pps,
17,7,Krls:single,
17,7,SL:single,
17,7,Krls:cross,
17,7,SL:cross,
17,7,Krls:ps,
17,7,SL:ps,
17,7,Krls:pps,
17,7,SL:pps,
17,7,Bal:SL:ps,
17,7,Bal:SL:Yd,
17,7,Bal:SL:pps,
17,8,Krls:single,
17,8,SL:single,
17,8,Krls:cross,
17,8,SL:cross,
17,8,Krls:ps,
17,8,SL:ps,
17,8,Krls:pps,
17,8,SL:pps,
17,8,Bal:SL:ps,
17,8,Bal:SL:Yd,
17,8,Bal:SL:pps,
17,9,Krls:single,
17,9,SL:single,
17,9,Krls:cross,
17,9,SL:cross,
17,9,Krls:ps,
17,9,SL:ps,
17,9,Krls:pps,
17,9,SL:pps,
17,9,Bal:SL:ps,
17,9,Bal:SL:Yd,
17,9,Bal:SL:pps,
17,10,Krls:single,
17,10,SL:single,
17,10,Krls:cross,
17,10,SL:cross,
17,10,Krls:ps,
17,10,SL:ps,
17,10,Krls:pps,
17,10,SL:pps,
17,10,Bal:SL:ps,
17,10,Bal:SL:Yd,
17,10,Bal:SL:pps,
18,1,Krls:single,0.0119999999999436
18,1,SL:single,3.00800000000004
18,1,Krls:cross,0.0380000000000109
18,1,SL:cross,1.96299999999997
18,1,Krls:ps,0.00499999999988177
18,1,SL:ps,2.81100000000015
18,1,Krls:pps,0.00399999999990541
18,1,SL:pps,1.78399999999988
18,1,Bal:SL:ps,0.000999999999976353
18,1,Bal:SL:Yd,0
18,1,Bal:SL:pps,0.000999999999976353
18,2,Krls:single,0.00600000000008549
18,2,SL:single,3.24599999999987
18,2,Krls:cross,0.0259999999998399
18,2,SL:cross,1.84699999999998
18,2,Krls:ps,0.00999999999999091
18,2,SL:ps,2.59400000000005
18,2,Krls:pps,0.00499999999988177
18,2,SL:pps,2.64799999999991
18,2,Bal:SL:ps,0
18,2,Bal:SL:Yd,0
18,2,Bal:SL:pps,0.00199999999995271
18,3,Krls:single,0.00700000000006185
18,3,SL:single,2.971
18,3,Krls:cross,0.0380000000000109
18,3,SL:cross,1.79499999999985
18,3,Krls:ps,0.00600000000008549
18,3,SL:ps,2.57400000000007
18,3,Krls:pps,0.0119999999999436
18,3,SL:pps,2.40700000000015
18,3,Bal:SL:ps,0
18,3,Bal:SL:Yd,0.000999999999976353
18,3,Bal:SL:pps,0.00199999999995271
18,4,Krls:single,0.00500000000010914
18,4,SL:single,3.06799999999998
18,4,Krls:cross,0.0419999999999163
18,4,SL:cross,1.87199999999984
18,4,Krls:ps,0.01299999999992
18,4,SL:ps,2.77400000000011
18,4,Krls:pps,0.0299999999999727
18,4,SL:pps,2.16800000000012
18,4,Bal:SL:ps,0
18,4,Bal:SL:Yd,0
18,4,Bal:SL:pps,0.00399999999990541
18,5,Krls:single,0.0080000000000382
18,5,SL:single,3.14200000000005
18,5,Krls:cross,0.0310000000001764
18,5,SL:cross,2.17100000000005
18,5,Krls:ps,0.0080000000000382
18,5,SL:ps,2.68000000000006
18,5,Krls:pps,0.0160000000000764
18,5,SL:pps,2.45100000000002
18,5,Bal:SL:ps,0
18,5,Bal:SL:Yd,0
18,5,Bal:SL:pps,0.000999999999976353
18,6,Krls:single,
18,6,SL:single,
18,6,Krls:cross,
18,6,SL:cross,
18,6,Krls:ps,
18,6,SL:ps,
18,6,Krls:pps,
18,6,SL:pps,
18,6,Bal:SL:ps,
18,6,Bal:SL:Yd,
18,6,Bal:SL:pps,
18,7,Krls:single,
18,7,SL:single,
18,7,Krls:cross,
18,7,SL:cross,
18,7,Krls:ps,
18,7,SL:ps,
18,7,Krls:pps,
18,7,SL:pps,
18,7,Bal:SL:ps,
18,7,Bal:SL:Yd,
18,7,Bal:SL:pps,
18,8,Krls:single,
18,8,SL:single,
18,8,Krls:cross,
18,8,SL:cross,
18,8,Krls:ps,
18,8,SL:ps,
18,8,Krls:pps,
18,8,SL:pps,
18,8,Bal:SL:ps,
18,8,Bal:SL:Yd,
18,8,Bal:SL:pps,
18,9,Krls:single,
18,9,SL:single,
18,9,Krls:cross,
18,9,SL:cross,
18,9,Krls:ps,
18,9,SL:ps,
18,9,Krls:pps,
18,9,SL:pps,
18,9,Bal:SL:ps,
18,9,Bal:SL:Yd,
18,9,Bal:SL:pps,
18,10,Krls:single,
18,10,SL:single,
18,10,Krls:cross,
18,10,SL:cross,
18,10,Krls:ps,
18,10,SL:ps,
18,10,Krls:pps,
18,10,SL:pps,
18,10,Bal:SL:ps,
18,10,Bal:SL:Yd,
18,10,Bal:SL:pps,
19,1,Krls:single,0.0109999999999673
19,1,SL:single,3.05299999999988
19,1,Krls:cross,0.0309999999999491
19,1,SL:cross,2.07000000000016
19,1,Krls:ps,0.0199999999999818
19,1,SL:ps,3.29600000000005
19,1,Krls:pps,0.00199999999995271
19,1,SL:pps,2.38999999999987
19,1,Bal:SL:ps,0.000999999999976353
19,1,Bal:SL:Yd,0
19,1,Bal:SL:pps,0.000999999999976353
19,2,Krls:single,0.00499999999988177
19,2,SL:single,2.87300000000005
19,2,Krls:cross,0.0319999999999254
19,2,SL:cross,2.14400000000001
19,2,Krls:ps,0.0140000000001237
19,2,SL:ps,2.86999999999989
19,2,Krls:pps,0.015999999999849
19,2,SL:pps,2.04899999999998
19,2,Bal:SL:ps,0
19,2,Bal:SL:Yd,0
19,2,Bal:SL:pps,0.00199999999995271
19,3,Krls:single,0.00999999999999091
19,3,SL:single,2.88900000000012
19,3,Krls:cross,0.04099999999994
19,3,SL:cross,2.30700000000002
19,3,Krls:ps,0.00900000000001455
19,3,SL:ps,2.67700000000013
19,3,Krls:pps,0.00300000000015643
19,3,SL:pps,2.32600000000002
19,3,Bal:SL:ps,0
19,3,Bal:SL:Yd,0
19,3,Bal:SL:pps,0.000999999999976353
19,4,Krls:single,0.00400000000013279
19,4,SL:single,2.95900000000006
19,4,Krls:cross,0.0390000000002146
19,4,SL:cross,2.36799999999994
19,4,Krls:ps,0.0109999999999673
19,4,SL:ps,2.86400000000003
19,4,Krls:pps,0.00300000000015643
19,4,SL:pps,1.94100000000003
19,4,Bal:SL:ps,0
19,4,Bal:SL:Yd,0
19,4,Bal:SL:pps,0.000999999999976353
19,5,Krls:single,0.00499999999988177
19,5,SL:single,2.93899999999985
19,5,Krls:cross,0.04099999999994
19,5,SL:cross,1.80000000000018
19,5,Krls:ps,0.00999999999999091
19,5,SL:ps,2.76299999999992
19,5,Krls:pps,0.00700000000006185
19,5,SL:pps,2.404
19,5,Bal:SL:ps,0.000999999999976353
19,5,Bal:SL:Yd,0.000999999999976353
19,5,Bal:SL:pps,0.000999999999976353
19,6,Krls:single,
19,6,SL:single,
19,6,Krls:cross,
19,6,SL:cross,
19,6,Krls:ps,
19,6,SL:ps,
19,6,Krls:pps,
19,6,SL:pps,
19,6,Bal:SL:ps,
19,6,Bal:SL:Yd,
19,6,Bal:SL:pps,
19,7,Krls:single,
19,7,SL:single,
19,7,Krls:cross,
19,7,SL:cross,
19,7,Krls:ps,
19,7,SL:ps,
19,7,Krls:pps,
19,7,SL:pps,
19,7,Bal:SL:ps,
19,7,Bal:SL:Yd,
19,7,Bal:SL:pps,
19,8,Krls:single,
19,8,SL:single,
19,8,Krls:cross,
19,8,SL:cross,
19,8,Krls:ps,
19,8,SL:ps,
19,8,Krls:pps,
19,8,SL:pps,
19,8,Bal:SL:ps,
19,8,Bal:SL:Yd,
19,8,Bal:SL:pps,
19,9,Krls:single,
19,9,SL:single,
19,9,Krls:cross,
19,9,SL:cross,
19,9,Krls:ps,
19,9,SL:ps,
19,9,Krls:pps,
19,9,SL:pps,
19,9,Bal:SL:ps,
19,9,Bal:SL:Yd,
19,9,Bal:SL:pps,
19,10,Krls:single,
19,10,SL:single,
19,10,Krls:cross,
19,10,SL:cross,
19,10,Krls:ps,
19,10,SL:ps,
19,10,Krls:pps,
19,10,SL:pps,
19,10,Bal:SL:ps,
19,10,Bal:SL:Yd,
19,10,Bal:SL:pps,
20,1,Krls:single,0.0170000000000528
20,1,SL:single,2.99800000000005
20,1,Krls:cross,0.0310000000001764
20,1,SL:cross,1.87299999999982
20,1,Krls:ps,0.0140000000001237
20,1,SL:ps,2.78099999999995
20,1,Krls:pps,0.00700000000006185
20,1,SL:pps,2.20900000000006
20,1,Bal:SL:ps,0.000999999999976353
20,1,Bal:SL:Yd,0
20,1,Bal:SL:pps,0.000999999999976353
20,2,Krls:single,0.00900000000001455
20,2,SL:single,2.96000000000004
20,2,Krls:cross,0.0420000000001437
20,2,SL:cross,1.88400000000001
20,2,Krls:ps,0.00999999999999091
20,2,SL:ps,3.00700000000006
20,2,Krls:pps,0.00999999999999091
20,2,SL:pps,2.28800000000001
20,2,Bal:SL:ps,0.000999999999976353
20,2,Bal:SL:Yd,0.000999999999976353
20,2,Bal:SL:pps,0.00200000000018008
20,3,Krls:single,0.00600000000008549
20,3,SL:single,3.10400000000004
20,3,Krls:cross,0.0380000000000109
20,3,SL:cross,2.31600000000003
20,3,Krls:ps,0.00600000000008549
20,3,SL:ps,2.87699999999995
20,3,Krls:pps,0.000999999999976353
20,3,SL:pps,2.25500000000011
20,3,Bal:SL:ps,0
20,3,Bal:SL:Yd,0
20,3,Bal:SL:pps,0.000999999999976353
20,4,Krls:single,0.00600000000008549
20,4,SL:single,3.04999999999995
20,4,Krls:cross,0.0380000000000109
20,4,SL:cross,1.90200000000004
20,4,Krls:ps,0.0160000000000764
20,4,SL:ps,2.52600000000007
20,4,Krls:pps,0.0109999999999673
20,4,SL:pps,1.7059999999999
20,4,Bal:SL:ps,0
20,4,Bal:SL:Yd,0.000999999999976353
20,4,Bal:SL:pps,0.000999999999976353
20,5,Krls:single,0.0080000000000382
20,5,SL:single,3.04700000000003
20,5,Krls:cross,0.0350000000000819
20,5,SL:cross,1.80899999999997
20,5,Krls:ps,0.0080000000000382
20,5,SL:ps,2.79099999999994
20,5,Krls:pps,0.00500000000010914
20,5,SL:pps,1.7170000000001
20,5,Bal:SL:ps,0
20,5,Bal:SL:Yd,0.000999999999976353
20,5,Bal:SL:pps,0.00199999999995271
20,6,Krls:single,
20,6,SL:single,
20,6,Krls:cross,
20,6,SL:cross,
20,6,Krls:ps,
20,6,SL:ps,
20,6,Krls:pps,
20,6,SL:pps,
20,6,Bal:SL:ps,
20,6,Bal:SL:Yd,
20,6,Bal:SL:pps,
20,7,Krls:single,
20,7,SL:single,
20,7,Krls:cross,
20,7,SL:cross,
20,7,Krls:ps,
20,7,SL:ps,
20,7,Krls:pps,
20,7,SL:pps,
20,7,Bal:SL:ps,
20,7,Bal:SL:Yd,
20,7,Bal:SL:pps,
20,8,Krls:single,
20,8,SL:single,
20,8,Krls:cross,
20,8,SL:cross,
20,8,Krls:ps,
20,8,SL:ps,
20,8,Krls:pps,
20,8,SL:pps,
20,8,Bal:SL:ps,
20,8,Bal:SL:Yd,
20,8,Bal:SL:pps,
20,9,Krls:single,
20,9,SL:single,
20,9,Krls:cross,
20,9,SL:cross,
20,9,Krls:ps,
20,9,SL:ps,
20,9,Krls:pps,
20,9,SL:pps,
20,9,Bal:SL:ps,
20,9,Bal:SL:Yd,
20,9,Bal:SL:pps,
20,10,Krls:single,
20,10,SL:single,
20,10,Krls:cross,
20,10,SL:cross,
20,10,Krls:ps,
20,10,SL:ps,
20,10,Krls:pps,
20,10,SL:pps,
20,10,Bal:SL:ps,
20,10,Bal:SL:Yd,
20,10,Bal:SL:pps,
